Workbook

Sheet Opportunities
A1: Opportunity ID | B1: Lead Source | C1: Stage | D1: Deal Value | E1: Probability | F1: Created Date | G1: Close Date | H1: Owner | I1: Status | J1: Weighted Pipeline | K1: Days to Close
A2: OP-001 | B2: LinkedIn | C2: Qualified | D2: 5000 | E2: 0.3 | F2: 46235 | G2: 46262 | H2: Sidney | I2: Open | J2: =D2*E2 -> 1500 | K2: =G2-F2 -> 27
A3: OP-002 | B3: Referral | C3: Proposal | D3: 8000 | E3: 0.6 | F3: 46236 | G3: 46259 | H3: Ana | I3: Open | J3: =D3*E3 -> 4800 | K3: =G3-F3 -> 23
A4: OP-003 | B4: Website | C4: Negotiation | D4: 12000 | E4: 0.8 | F4: 46237 | G4: 46256 | H4: Carlos | I4: Open | J4: =D4*E4 -> 9600 | K4: =G4-F4 -> 19
A5: OP-004 | B5: LinkedIn | C5: Closed Won | D5: 6000 | E5: 1 | F5: 46238 | G5: 46249 | H5: Sidney | I5: Won | J5: =D5*E5 -> 6000 | K5: =G5-F5 -> 11
A6: OP-005 | B6: Cold Outreach | C6: Closed Lost | D6: 4000 | E6: 0 | F6: 46239 | G6: 46246 | H6: Ana | I6: Lost | J6: =D6*E6 -> 0 | K6: =G6-F6 -> 7
A7: OP-006 | B7: Referral | C7: Discovery | D7: 7000 | E7: 0.2 | F7: 46240 | G7: 46267 | H7: Carlos | I7: Open | J7: =D7*E7 -> 1400 | K7: =G7-F7 -> 27
A8: OP-007 | B8: Website | C8: Qualified | D8: 9500 | E8: 0.3 | F8: 46241 | G8: 46264 | H8: Sidney | I8: Open | J8: =D8*E8 -> 2850 | K8: =G8-F8 -> 23
A9: OP-008 | B9: LinkedIn | C9: Proposal | D9: 11000 | E9: 0.6 | F9: 46242 | G9: 46261 | H9: Ana | I9: Open | J9: =D9*E9 -> 6600 | K9: =G9-F9 -> 19
A10: OP-009 | B10: Cold Outreach | C10: Negotiation | D10: 15000 | E10: 0.8 | F10: 46243 | G10: 46263 | H10: Carlos | I10: Open | J10: =D10*E10 -> 12000 | K10: =G10-F10 -> 20
A11: OP-010 | B11: Referral | C11: Closed Won | D11: 7500 | E11: 1 | F11: 46244 | G11: 46252 | H11: Sidney | I11: Won | J11: =D11*E11 -> 7500 | K11: =G11-F11 -> 8
A12: OP-011 | B12: Website | C12: Discovery | D12: 4500 | E12: 0.2 | F12: 46244 | G12: 46270 | H12: Ana | I12: Open | J12: =D12*E12 -> 900 | K12: =G12-F12 -> 26
A13: OP-012 | B13: LinkedIn | C13: Qualified | D13: 13000 | E13: 0.3 | F13: 46245 | G13: 46266 | H13: Carlos | I13: Open | J13: =D13*E13 -> 3900 | K13: =G13-F13 -> 21
... A41: OP-040 | B41: Cold Outreach | C41: Closed Won | D41: 11000 | E41: 1 | F41: 46252 | G41: 46259 | H41: Sidney | I41: Won | J41: =D41*E41 -> 11000 | K41: =G41-F41 -> 7

Sheet Leads
A1: Lead ID | B1: Lead Source | C1: Lead Date | D1: Lead Status | E1: Converted to Opportunity | F1: Owner
A2: L-001 | B2: LinkedIn | C2: 46235 | D2: Qualified | E2: Yes | F2: Sidney
A3: L-002 | B3: Website | C3: 46235 | D3: Qualified | E3: Yes | F3: Ana
A4: L-003 | B4: Referral | C4: 46236 | D4: Qualified | E4: Yes | F4: Carlos
A5: L-004 | B5: Cold Outreach | C5: 46236 | D5: Contacted | E5: No | F5: Sidney
A6: L-005 | B6: LinkedIn | C6: 46237 | D6: Qualified | E6: Yes | F6: Ana
A7: L-006 | B7: Website | C7: 46237 | D7: Contacted | E7: Yes | F7: Carlos
A8: L-007 | B8: Referral | C8: 46238 | D8: Qualified | E8: Yes | F8: Sidney
A9: L-008 | B9: LinkedIn | C9: 46238 | D9: Contacted | E9: No | F9: Ana
A10: L-009 | B10: Cold Outreach | C10: 46239 | D10: Qualified | E10: Yes | F10: Carlos
A11: L-010 | B11: Website | C11: 46239 | D11: Qualified | E11: Yes | F11: Sidney
A12: L-011 | B12: Referral | C12: 46240 | D12: Contacted | E12: No | F12: Ana
A13: L-012 | B13: LinkedIn | C13: 46240 | D13: Qualified | E13: Yes | F13: Carlos
... A46: L-045 | B46: Cold Outreach | C46: 46252 | D46: Qualified | E46: Yes | F46: Carlos

Sheet Reps
A1: Rep | B1: Role | C1: Monthly Target | D1: Region | E1: Active
A2: Sidney | B2: Sales Manager | C2: 30000 | D2: Angola | E2: Yes
A3: Ana | B3: Account Executive | C3: 30000 | D3: Angola | E3: Yes
A4: Carlos | B4: Account Executive | C4: 40000 | D4: Angola | E4: Yes

Sheet Targets
A1: Metric | B1: Target
A2: Monthly Revenue | B2: 100000
A3: Pipeline Coverage | B3: 3
A4: Win Rate | B4: 0.25
A5: Lead to Opportunity Conversion | B5: 0.6
A6: Average Deal Size | B6: 10000

Sheet Dashboard
A1: PRAIA TECH SOLUTIONS — REVOPS DASHBOARD
A2: Metric | B2: Value | C2: Target | D2: Status
A3: Total Opportunities | B3: =COUNTA(Opportunities!A2:A41) -> 40 | C3: =COUNTA(Opportunities!A2:A41) -> 40
A4: Total Pipeline | B4: =SUMIFS(Opportunities!D2:D41,Opportunities!I2:I41,"Open") -> 373000 | C4: =Targets!B2*Targets!B3 -> 300000 | D4: =IF(B4>=C4,"On Track","At Risk") -> On Track
A5: Weighted Pipeline | B5: =SUMIFS(Opportunities!J2:J41,Opportunities!I2:I41,"Open") -> 211850 | C5: =Targets!B2 -> 100000 | D5: =IF(B5>=C5,"On Track","At Risk") -> On Track
A6: Closed Won Revenue | B6: =SUMIFS(Opportunities!D2:D41,Opportunities!I2:I41,"Won") -> 52000 | C6: =Targets!B2 -> 100000 | D6: =IF(B6>=C6,"On Track","At Risk") -> At Risk
A7: Closed Lost Revenue | B7: =SUMIFS(Opportunities!D2:D41,Opportunities!I2:I41,"Lost") -> 17500 | C7: =""
A8: Win Rate | B8: =COUNTIF(Opportunities!I2:I41,"Won")/(COUNTIF(Opportunities!I2:I41,"Won")+COUNTIF(Opportunities!I2:I41,"Lost")) -> 0.66666667 | C8: =Targets!B4 -> 0.25 | D8: =IF(B8>=C8,"On Track","At Risk") -> On Track
A9: Average Deal Size | B9: =AVERAGE(Opportunities!D2:D41) -> 11062.5 | C9: =Targets!B6 -> 10000 | D9: =IF(B9>=C9,"On Track","At Risk") -> On Track
A10: Lead → Opportunity Conversion | B10: =COUNTIF(Leads!E2:E46,"Yes")/COUNTA(Leads!A2:A46) -> 0.71111111 | C10: =Targets!B5 -> 0.6 | D10: =IF(B10>=C10,"On Track","At Risk") -> On Track
A11: Pipeline Coverage | B11: =B4/Targets!B2 -> 3.73 | C11: =Targets!B3 -> 3 | D11: =IF(B11>=C11,"On Track","At Risk") -> On Track
A14: Sales Rep | B14: Pipeline | C14: Weighted Pipeline | D14: Closed Won | E14: Opportunities | F14: Win Rate
A15: Sidney | B15: =SUMIFS(Opportunities!D:D,Opportunities!H:H,A15,Opportunities!I:I,"Open") -> 110500 | C15: =SUMIFS(Opportunities!J:J,Opportunities!H:H,A15,Opportunities!I:I,"Open") -> 57050 | D15: =SUMIFS(Opportunities!D:D,Opportunities!H:H,A15,Opportunities!I:I,"Won") -> 33000 | E15: =COUNTIF(Opportunities!H:H,A15) -> 14 | F15: =IFERROR(COUNTIFS(Opportunities!H:H,A15,Opportunities!I:I,"Won")/(COUNTIFS(Opportunities!H:H,A15,Opportunities!I:I,"Won")+COUNTIFS(Opportunities!H:H,A15,Opportunities!I:I,"Lost")),0) -> 1
A16: Ana | B16: =SUMIFS(Opportunities!D:D,Opportunities!H:H,A16,Opportunities!I:I,"Open") -> 114000 | C16: =SUMIFS(Opportunities!J:J,Opportunities!H:H,A16,Opportunities!I:I,"Open") -> 67050 | D16: =SUMIFS(Opportunities!D:D,Opportunities!H:H,A16,Opportunities!I:I,"Won") -> 0 | E16: =COUNTIF(Opportunities!H:H,A16) -> 13 | F16: =IFERROR(COUNTIFS(Opportunities!H:H,A16,Opportunities!I:I,"Won")/(COUNTIFS(Opportunities!H:H,A16,Opportunities!I:I,"Won")+COUNTIFS(Opportunities!H:H,A16,Opportunities!I:I,"Lost")),0) -> 0
A17: Carlos | B17: =SUMIFS(Opportunities!D:D,Opportunities!H:H,A17,Opportunities!I:I,"Open") -> 148500 | C17: =SUMIFS(Opportunities!J:J,Opportunities!H:H,A17,Opportunities!I:I,"Open") -> 87750 | D17: =SUMIFS(Opportunities!D:D,Opportunities!H:H,A17,Opportunities!I:I,"Won") -> 19000 | E17: =COUNTIF(Opportunities!H:H,A17) -> 13 | F17: =IFERROR(COUNTIFS(Opportunities!H:H,A17,Opportunities!I:I,"Won")/(COUNTIFS(Opportunities!H:H,A17,Opportunities!I:I,"Won")+COUNTIFS(Opportunities!H:H,A17,Opportunities!I:I,"Lost")),0) -> 1
A21: Stage | B21: Opportunities | C21: Pipeline | D21: Weighted Pipeline
A22: Discovery | B22: =COUNTIF(Opportunities!C:C,A22) -> 7 | C22: =SUMIF(Opportunities!C:C,A22,Opportunities!D:D) -> 42500 | D22: =SUMIF(Opportunities!C:C,A22,Opportunities!J:J) -> 8500
A23: Qualified | B23: =COUNTIF(Opportunities!C:C,A23) -> 8 | C23: =SUMIF(Opportunities!C:C,A23,Opportunities!D:D) -> 81500 | D23: =SUMIF(Opportunities!C:C,A23,Opportunities!J:J) -> 24450
A24: Proposal | B24: =COUNTIF(Opportunities!C:C,A24) -> 8 | C24: =SUMIF(Opportunities!C:C,A24,Opportunities!D:D) -> 101500 | D24: =SUMIF(Opportunities!C:C,A24,Opportunities!J:J) -> 60900
A25: Negotiation | B25: =COUNTIF(Opportunities!C:C,A25) -> 8 | C25: =SUMIF(Opportunities!C:C,A25,Opportunities!D:D) -> 147500 | D25: =SUMIF(Opportunities!C:C,A25,Opportunities!J:J) -> 118000
A26: Closed Won | B26: =COUNTIF(Opportunities!C:C,A26) -> 6 | C26: =SUMIF(Opportunities!C:C,A26,Opportunities!D:D) -> 52000 | D26: =SUMIF(Opportunities!C:C,A26,Opportunities!J:J) -> 52000
A27: Closed Lost | B27: =COUNTIF(Opportunities!C:C,A27) -> 3 | C27: =SUMIF(Opportunities!C:C,A27,Opportunities!D:D) -> 17500 | D27: =SUMIF(Opportunities!C:C,A27,Opportunities!J:J) -> 0
A30: Lead Source | B30: Leads | C30: Opportunities | D30: Conversion Rate | E30: Pipeline
A31: LinkedIn | B31: =COUNTIF(Leads!B:B,A31) -> 12 | C31: =COUNTIF(Opportunities!B:B,A31) -> 11 | D31: =IFERROR(C31/B31,0) -> 0.91666667 | E31: =SUMIF(Opportunities!B:B,A31,Opportunities!D:D) -> 99000
A32: Website | B32: =COUNTIF(Leads!B:B,A32) -> 12 | C32: =COUNTIF(Opportunities!B:B,A32) -> 10 | D32: =IFERROR(C32/B32,0) -> 0.83333333 | E32: =SUMIF(Opportunities!B:B,A32,Opportunities!D:D) -> 105000
A33: Referral | B33: =COUNTIF(Leads!B:B,A33) -> 12 | C33: =COUNTIF(Opportunities!B:B,A33) -> 11 | D33: =IFERROR(C33/B33,0) -> 0.91666667 | E33: =SUMIF(Opportunities!B:B,A33,Opportunities!D:D) -> 124500
A34: Cold Outreach | B34: =COUNTIF(Leads!B:B,A34) -> 9 | C34: =COUNTIF(Opportunities!B:B,A34) -> 8 | D34: =IFERROR(C34/B34,0) -> 0.88888889 | E34: =SUMIF(Opportunities!B:B,A34,Opportunities!D:D) -> 114000
